Date,High,Low,Close
02-07-2021,15738.349609375,15635.9501953125,15722.2001953125
09-07-2021,15914.2001953125,15632.75,15689.7998046875
16-07-2021,15962.25,15644.75,15923.400390625
23-07-2021,15899.7998046875,15578.5498046875,15856.0498046875
30-07-2021,15893.349609375,15513.4501953125,15763.0498046875
06-08-2021,16349.4501953125,15834.650390625,16238.2001953125
13-08-2021,16543.599609375,16162.5498046875,16529.099609375
20-08-2021,16701.849609375,16376.0498046875,16450.5
27-08-2021,16722.05078125,16395.69921875,16705.19921875
03-09-2021,17340.099609375,16764.849609375,17323.599609375
09-09-2021,17436.5,17254.19921875,17369.25
17-09-2021,17792.94921875,17269.150390625,17585.150390625
24-09-2021,17947.650390625,17326.099609375,17853.19921875
01-10-2021,17943.5,17452.900390625,17532.05078125
08-10-2021,17941.849609375,17581.349609375,17895.19921875
14-10-2021,18350.75,17839.099609375,18338.55078125
22-10-2021,18604.44921875,18034.349609375,18114.900390625
29-10-2021,18342.05078125,17613.099609375,17671.650390625
04-11-2021,18012.25,17697.099609375,17916.80078125
12-11-2021,18123,17798.19921875,18102.75
18-11-2021,18210.150390625,17688.5,17764.80078125
26-11-2021,17805.25,16985.69921875,17026.44921875
03-12-2021,17489.80078125,16782.400390625,17196.69921875
10-12-2021,17543.25,16891.69921875,17511.30078125
17-12-2021,17639.5,16966.44921875,16985.19921875
24-12-2021,17155.599609375,16410.19921875,17003.75
31-12-2021,17400.80078125,16833.19921875,17354.05078125
07-01-2022,17944.69921875,17383.30078125,17812.69921875
14-01-2022,18286.94921875,17879.150390625,18255.75
21-01-2022,18350.94921875,17485.849609375,17617.150390625
28-01-2022,17599.400390625,16836.80078125,17101.94921875
04-02-2022,17794.599609375,17244.55078125,17516.30078125
11-02-2022,17639.44921875,17043.650390625,17374.75
18-02-2022,17490.599609375,16809.650390625,17276.30078125
25-02-2022,17351.05078125,16203.25,16658.400390625
04-03-2022,16815.900390625,16133.7998046875,16245.349609375
11-03-2022,16757.30078125,15671.4501953125,16630.44921875
17-03-2022,17344.599609375,16555,17287.05078125
25-03-2022,17442.400390625,17006.30078125,17153
01-04-2022,17703.69921875,17003.900390625,17670.44921875
08-04-2022,18114.650390625,17600.55078125,17784.349609375
13-04-2022,17779.05078125,17442.349609375,17475.650390625
22-04-2022,17414.69921875,16824.69921875,17171.94921875
29-04-2022,17377.650390625,16888.69921875,17102.55078125
06-05-2022,17132.849609375,16340.900390625,16411.25
13-05-2022,16404.55078125,15735.75,15782.150390625
20-05-2022,16399.80078125,15739.650390625,16266.150390625
27-05-2022,16414.69921875,15903.7001953125,16352.4501953125
03-06-2022,16793.849609375,16438.849609375,16584.30078125
10-06-2022,16610.94921875,16172.599609375,16201.7998046875
17-06-2022,15886.150390625,15183.400390625,15293.5
24-06-2022,15749.25,15191.099609375,15699.25
01-07-2022,15927.4501953125,15511.0498046875,15752.0498046875
08-07-2022,16275.5,15661.7998046875,16220.599609375
15-07-2022,16248.5498046875,15858.2001953125,16049.2001953125
22-07-2022,16752.25,16142.2001953125,16719.44921875
29-07-2022,17172.80078125,16438.75,17158.25
05-08-2022,17490.69921875,17154.80078125,17397.5
12-08-2022,17724.650390625,17359.75,17698.150390625
19-08-2022,17992.19921875,17710.75,17758.44921875
26-08-2022,17726.5,17345.19921875,17558.900390625
02-09-2022,17777.650390625,17166.19921875,17539.44921875
09-09-2022,17925.94921875,17484.30078125,17833.349609375
16-09-2022,18096.150390625,17497.25,17530.849609375
23-09-2022,17919.30078125,17291.650390625,17327.349609375
30-09-2022,17196.400390625,16747.69921875,17094.349609375
07-10-2022,17428.80078125,16855.55078125,17314.650390625
14-10-2022,17348.55078125,16950.30078125,17185.69921875
21-10-2022,17670.150390625,17098.55078125,17576.30078125
28-10-2022,17838.900390625,17637,17786.80078125
04-11-2022,18178.75,17899.900390625,18117.150390625
11-11-2022,18362.30078125,17969.400390625,18349.69921875
18-11-2022,18442.150390625,18209.80078125,18307.650390625
25-11-2022,18534.900390625,18133.349609375,18512.75
02-12-2022,18887.599609375,18365.599609375,18696.099609375
09-12-2022,18728.599609375,18410.099609375,18496.599609375
16-12-2022,18696.099609375,18255.150390625,18269
23-12-2022,18473.349609375,17779.5,17806.80078125
30-12-2022,18265.25,17774.25,18105.30078125
06-01-2023,18251.94921875,17795.55078125,17859.44921875
13-01-2023,18141.400390625,17761.650390625,17956.599609375
20-01-2023,18183.75,17853.650390625,18027.650390625
27-01-2023,18201.25,17493.55078125,17604.349609375
03-02-2023,17972.19921875,17353.400390625,17854.05078125
10-02-2023,17916.900390625,17652.55078125,17856.5
17-02-2023,18134.75,17719.75,17944.19921875
24-02-2023,18004.349609375,17421.80078125,17465.80078125
03-03-2023,17644.75,17255.19921875,17594.349609375
10-03-2023,17799.94921875,17324.349609375,17412.900390625
17-03-2023,17529.900390625,16850.150390625,17100.05078125
24-03-2023,17207.25,16828.349609375,16945.05078125
31-03-2023,17381.599609375,16913.75,17359.75
06-04-2023,17638.69921875,17312.75,17599.150390625
13-04-2023,17842.150390625,17597.94921875,17828
21-04-2023,17863,17553.94921875,17624.05078125
28-04-2023,18089.150390625,17612.5,18065
05-05-2023,18267.44921875,18042.400390625,18069
12-05-2023,18389.69921875,18100.30078125,18314.80078125
19-05-2023,18458.900390625,18060.400390625,18203.400390625
26-05-2023,18508.55078125,18178.849609375,18499.349609375
02-06-2023,18662.44921875,18464.55078125,18534.099609375
09-06-2023,18777.900390625,18531.599609375,18563.400390625
16-06-2023,18864.69921875,18559.75,18826
23-06-2023,18886.599609375,18647.099609375,18665.5
30-06-2023,19201.69921875,18646.69921875,19189.05078125
07-07-2023,19523.599609375,19234.400390625,19331.80078125
14-07-2023,19595.349609375,19327.099609375,19564.5
21-07-2023,19991.849609375,19562.94921875,19745
28-07-2023,19867.55078125,19563.099609375,19646.05078125
04-08-2023,19795.599609375,19296.44921875,19517
11-08-2023,19645.5,19412.75,19428.30078125
18-08-2023,19482.75,19253.599609375,19310.150390625
25-08-2023,19584.44921875,19229.69921875,19265.80078125
01-09-2023,19458.55078125,19223.650390625,19435.30078125
08-09-2023,19867.150390625,19432.849609375,19819.94921875
15-09-2023,20222.44921875,19865.349609375,20192.349609375
22-09-2023,20195.349609375,19657.5,19674.25
29-09-2023,19766.650390625,19492.099609375,19638.30078125
06-10-2023,19675.75,19333.599609375,19653.5
13-10-2023,19843.30078125,19480.5,19751.05078125
20-10-2023,19849.75,19512.349609375,19542.650390625
27-10-2023,19556.849609375,18837.849609375,19047.25
03-11-2023,19276.25,18940,19230.599609375
10-11-2023,19464.400390625,19309.69921875,19425.349609375
17-11-2023,19875.25,19414.75,19731.80078125
24-11-2023,19875.150390625,19670.5,19794.69921875
01-12-2023,20291.55078125,19800,20267.900390625
08-12-2023,21006.099609375,20507.75,20969.400390625
15-12-2023,21492.30078125,20769.5,21456.650390625
22-12-2023,21593,20976.80078125,21349.400390625
29-12-2023,21801.44921875,21329.44921875,21731.400390625
05-01-2024,21834.349609375,21500.349609375,21710.80078125
12-01-2024,21928.25,21448.650390625,21894.55078125
19-01-2024,22124.150390625,21285.55078125,21622.400390625
25-01-2024,21750.25,21137.19921875,21352.599609375
02-02-2024,22126.80078125,21429.599609375,21853.80078125
09-02-2024,22053.30078125,21629.900390625,21782.5
16-02-2024,22068.650390625,21530.19921875,22040.69921875
23-02-2024,22297.5,21875.25,22212.69921875
01-03-2024,22353.30078125,21860.650390625,22338.75
07-03-2024,22525.650390625,22224.349609375,22493.55078125
15-03-2024,22526.599609375,21905.650390625,22023.349609375
22-03-2024,22180.69921875,21710.19921875,22096.75
28-03-2024,22516,21947.55078125,22326.900390625
05-04-2024,22619,22303.80078125,22513.69921875
12-04-2024,22775.69921875,22503.75,22519.400390625
19-04-2024,22427.44921875,21777.650390625,22147
26-04-2024,22625.94921875,22198.150390625,22419.94921875
03-05-2024,22794.69921875,22348.05078125,22475.849609375
10-05-2024,22588.80078125,21932.400390625,22055.19921875
17-05-2024,22502.150390625,21821.05078125,22466.099609375
24-05-2024,23026.400390625,22404.55078125,22957.099609375
31-05-2024,23110.80078125,22417,22530.69921875
07-06-2024,23338.69921875,21281.44921875,23290.150390625
14-06-2024,23490.400390625,23206.650390625,23465.599609375
21-06-2024,23667.099609375,23398.19921875,23501.099609375
28-06-2024,24174,23350,24010.599609375
05-07-2024,24401,23992.69921875,24323.849609375
12-07-2024,24592.19921875,24141.80078125,24502.150390625
19-07-2024,24854.80078125,24504.44921875,24530.900390625
26-07-2024,24861.150390625,24074.19921875,24834.849609375
02-08-2024,25078.30078125,24686.849609375,24717.69921875
09-08-2024,24419.75,23893.69921875,24367.5
16-08-2024,24563.900390625,24099.69921875,24541.150390625
23-08-2024,24867.349609375,24522.94921875,24823.150390625
30-08-2024,25268.349609375,24874.69921875,25235.900390625
06-09-2024,25333.650390625,24801.30078125,24852.150390625
13-09-2024,25433.349609375,24753.150390625,25356.5
20-09-2024,25849.25,25285.55078125,25790.94921875
27-09-2024,26277.349609375,25847.349609375,26178.94921875
04-10-2024,26134.69921875,24966.80078125,25014.599609375
11-10-2024,25234.05078125,24694.349609375,24964.25
18-10-2024,25212.05078125,24567.650390625,24854.05078125
25-10-2024,24978.30078125,24073.900390625,24180.80078125
01-11-2024,24498.19921875,24134.900390625,24304.349609375
08-11-2024,24537.599609375,23816.150390625,24148.19921875
14-11-2024,24336.80078125,23484.150390625,23532.69921875
22-11-2024,23956.099609375,23263.150390625,23907.25
29-11-2024,24354.55078125,23873.349609375,24131.099609375
06-12-2024,24857.75,24008.650390625,24677.80078125
13-12-2024,24792.30078125,24180.80078125,24768.30078125
20-12-2024,24781.25,23537.349609375,23587.5
27-12-2024,23938.849609375,23647.19921875,23813.400390625
03-01-2025,24226.69921875,23460.44921875,24004.75
10-01-2025,24089.94921875,23344.349609375,23431.5
17-01-2025,23391.650390625,23047.25,23203.19921875
24-01-2025,23426.30078125,22976.849609375,23092.19921875
01-02-2025,23632.44921875,22786.900390625,23482.150390625
07-02-2025,23807.30078125,23222,23559.94921875
14-02-2025,23568.599609375,22774.849609375,22929.25
21-02-2025,23049.94921875,22720.30078125,22795.900390625
28-02-2025,22668.05078125,22104.849609375,22124.69921875
07-03-2025,22633.80078125,21964.599609375,22552.5
13-03-2025,22676.75,22314.69921875,22397.19921875
21-03-2025,23402.69921875,22353.150390625,23350.400390625
28-03-2025,23869.599609375,23412.19921875,23519.349609375
04-04-2025,23565.150390625,22857.44921875,22904.44921875
11-04-2025,22923.900390625,21743.650390625,22828.55078125
17-04-2025,23872.349609375,23207,23851.650390625
25-04-2025,24365.44921875,23847.849609375,24039.349609375
02-05-2025,24589.150390625,24054.05078125,24346.69921875
09-05-2025,24526.400390625,23935.75,24008
16-05-2025,25116.25,24378.849609375,25019.80078125
23-05-2025,25062.94921875,24462.400390625,24853.150390625
30-05-2025,25079.19921875,24677.30078125,24750.69921875
06-06-2025,25029.5,24502.150390625,25003.05078125
13-06-2025,25222.400390625,24473,24718.599609375
20-06-2025,25136.19921875,24703.599609375,25112.400390625
27-06-2025,25654.19921875,24824.849609375,25637.80078125
04-07-2025,25669.349609375,25331.650390625,25461
11-07-2025,25548.69921875,25129,25149.849609375
18-07-2025,25255.30078125,24918.650390625,24968.400390625
25-07-2025,25246.25,24806.349609375,24837
01-08-2025,24956.5,24535.05078125,24565.349609375
08-08-2025,24736.25,24337.5,24363.30078125
14-08-2025,24702.599609375,24347.44921875,24631.30078125
22-08-2025,25153.650390625,24852.849609375,24870.099609375
29-08-2025,25021.55078125,24404.69921875,24426.849609375
05-09-2025,24980.75,24432.69921875,24741
12-09-2025,25139.44921875,24751.55078125,25114
19-09-2025,25448.94921875,25048.75,25327.05078125
26-09-2025,25331.69921875,24629.44921875,24654.69921875
03-10-2025,24904.80078125,24587.69921875,24894.25
10-10-2025,25330.75,24881.650390625,25285.349609375
17-10-2025,25781.5,25060.55078125,25709.849609375
24-10-2025,26104.19921875,25718.19921875,25795.150390625
31-10-2025,26097.849609375,25711.19921875,25722.099609375
07-11-2025,25803.099609375,25318.44921875,25492.30078125
14-11-2025,26010.69921875,25449.25,25910.05078125
21-11-2025,26246.650390625,25856.19921875,26068.150390625
28-11-2025,26310.44921875,25842.94921875,26202.94921875
05-12-2025,26325.80078125,25891,26186.44921875
12-12-2025,26178.69921875,25693.25,26046.94921875
19-12-2025,26047.150390625,25726.30078125,25966.400390625
26-12-2025,26236.400390625,26008.599609375,26042.30078125
02-01-2026,26340,25878,26328.55078125
09-01-2026,26373.19921875,25623,25683.30078125
16-01-2026,25899.80078125,25473.400390625,25694.349609375
23-01-2026,25653.30078125,24919.80078125,25048.650390625
30-01-2026,25458.150390625,24932.55078125,25320.650390625
06-02-2026,26341.19921875,24679.400390625,25693.69921875
13-02-2026,26009.400390625,25444.30078125,25471.099609375
20-02-2026,25885.30078125,25372.69921875,25571.25
27-02-2026,25771.44921875,25141.30078125,25178.650390625
06-03-2026,24989.349609375,24305.400390625,24450.44921875
13-03-2026,24303.80078125,23112,23151.099609375
20-03-2026,23862.25,22930.349609375,23114.5
27-03-2026,23465.349609375,22471.25,22819.599609375
02-04-2026,22941.30078125,22182.55078125,22713.099609375
10-04-2026,24074.05078125,22542.94921875,24050.599609375
17-04-2026,24400.94921875,23555.599609375,24353.55078125
24-04-2026,24601.69921875,23813.650390625,23897.94921875
30-04-2026,24334.69921875,23796.849609375,23997.55078125
08-05-2026,24482.099609375,23882.05078125,24176.150390625
15-05-2026,23997.44921875,23262.55078125,23643.5
22-05-2026,23859.900390625,23317.099609375,23719.30078125
29-05-2026,24089.80078125,23484.75,23547.75
05-06-2026,23733.69921875,23151.5,23366.69921875
12-06-2026,23645.349609375,23070.150390625,23622.900390625
19-06-2026,24189.25,23817.80078125,24013.099609375
25-06-2026,24261.599609375,23784.94921875,24056
02-07-2026,24159.44921875,23829.19921875,24124.099609375
